ImageName,ImageLabel
004-0-242923922.png, 4
004-0-230625416.png, 4
004-0-242923917.png, 4
004-0-250008905.png, 4
004-0-192333301.png, 4
004-0-215728150.png, 4
004-0-101148268.png, 4
004-0-242918311.png, 4
004-0-192333290.png, 4
004-0-83566081.png, 4
004-0-250008928.png, 4
004-0-242918302.png, 4
004-0-250008933.png, 4
004-0-250044607.png, 4
004-0-250044528.png, 4
004-0-230817229.png, 4
004-0-191391565.png, 4
004-0-106422646.png, 4
004-0-238813400.png, 4
004-0-242918322.png, 4
004-0-192217323.png, 4
004-0-230832893.png, 4
004-0-250008896.png, 4
004-0-230615519.png, 4
004-0-235039954.png, 4
004-0-235039950.png, 4
004-0-192217222.png, 4
004-0-174679391.png, 4
004-0-192217331.png, 4
004-0-241707590.png, 4
004-0-83566008.png, 4
004-0-242918333.png, 4
004-0-223848353.png, 4
004-0-192333414.png, 4
004-0-250008976.png, 4
004-0-83565931.png, 4
004-0-250044518.png, 4
004-0-250008939.png, 4
004-0-250044538.png, 4
004-0-177292356.png, 4
004-0-250008982.png, 4
004-0-230625427.png, 4
004-0-235040010.png, 4
004-0-191391766.png, 4
004-0-171640420.png, 4
004-0-241703036.png, 4
004-0-250008879.png, 4
004-0-230625449.png, 4
004-0-192333421.png, 4
004-0-250008912.png, 4
004-0-242918346.png, 4
004-0-250009021.png, 4
004-0-101147590.png, 4
004-0-230625439.png, 4
004-0-181988162.png, 4
004-0-230813652.png, 4
004-0-235040003.png, 4
004-0-250008953.png, 4
004-0-230615482.png, 4
004-0-250008847.png, 4
004-0-192311555.png, 4
004-0-235039975.png, 4
004-0-230625460.png, 4
004-0-83566106.png, 4
004-0-235039966.png, 4
004-0-235039960.png, 4
004-0-241707596.png, 4
004-0-250008945.png, 4
004-0-250009007.png, 4
004-0-230833163.png, 4
004-0-235039991.png, 4
004-0-235039938.png, 4
004-0-190164561.png, 4
004-0-250008997.png, 4
004-0-230816050.png, 4
004-0-190175138.png, 4
004-0-230615533.png, 4
004-0-86623358.png, 4
004-0-235039944.png, 4
004-0-101148231.png, 4
004-0-250008962.png, 4
004-0-215728076.png, 4
004-0-101147582.png, 4
004-0-241707577.png, 4
004-0-230615202.png, 4
004-0-246839873.png, 4
004-0-106568495.png, 4
004-0-230826374.png, 4
004-0-230625311.png, 4
004-0-230833373.png, 4
004-0-86623373.png, 4
004-0-230826383.png, 4
004-0-230832884.png, 4
004-0-250008868.png, 4
004-0-250044598.png, 4
004-0-230833391.png, 4
004-0-250044584.png, 4
004-0-241707583.png, 4
004-0-157178803.png, 4
004-0-223187538.png, 4
007-0-250012145.png, 7
007-0-241707699.png, 7
007-0-215700518.png, 7
007-0-229889531.png, 7
007-0-230615561.png, 7
007-0-230625391.png, 7
007-0-230626208.png, 7
007-0-240054362.png, 7
007-0-192217251.png, 7
007-0-241707703.png, 7
007-0-215700125.png, 7
007-0-87507413.png, 7
007-0-230813185.png, 7
007-0-205053347.png, 7
007-0-241707690.png, 7
007-0-242918787.png, 7
007-0-230813673.png, 7
007-0-192217300.png, 7
007-0-215319228.png, 7
007-0-101148046.png, 7
007-0-230625577.png, 7
007-0-230625551.png, 7
007-0-230625481.png, 7
007-0-241704106.png, 7
007-0-242918777.png, 7
007-0-250012168.png, 7
007-0-230627159.png, 7
007-0-192217311.png, 7
007-0-108537352.png, 7
007-0-205059507.png, 7
007-0-241707706.png, 7
007-0-243149760.png, 7
007-0-230813663.png, 7
007-0-215700435.png, 7
007-0-215700549.png, 7
007-0-230626124.png, 7
007-0-192217242.png, 7
007-0-230813699.png, 7
007-0-101148012.png, 7
007-0-250012233.png, 7
007-0-87006977.png, 7
007-0-192217271.png, 7
007-0-205059419.png, 7
007-0-87007119.png, 7
007-0-215727911.png, 7
007-0-230813363.png, 7
007-0-215700477.png, 7
007-0-215700250.png, 7
007-0-230626115.png, 7
007-0-108537386.png, 7
007-0-87006997.png, 7
007-0-108537456.png, 7
007-0-230615549.png, 7
007-0-241707696.png, 7
007-0-229889469.png, 7
007-0-101148009.png, 7
007-0-85479504.png, 7
007-0-87007076.png, 7
007-0-241707710.png, 7
007-0-215700531.png, 7
007-0-250012156.png, 7
007-0-230625405.png, 7
007-0-85766218.png, 7
007-0-215727945.png, 7
007-0-192217232.png, 7
007-0-250012204.png, 7
007-0-230813710.png, 7
007-0-229889456.png, 7
007-0-192217288.png, 7
007-0-241704130.png, 7
007-0-250012195.png, 7
007-0-250012185.png, 7
007-0-241707693.png, 7
007-0-205059021.png, 7
007-0-241704111.png, 7
007-0-230626139.png, 7
007-0-215700386.png, 7
007-0-230627188.png, 7
007-0-215700492.png, 7
007-0-230615585.png, 7
007-0-250012214.png, 7
007-0-230615573.png, 7
007-0-241704122.png, 7
007-0-171640058.png, 7
007-0-250012245.png, 7
007-0-250012258.png, 7
007-0-229889520.png, 7
007-0-215727929.png, 7
007-0-230813685.png, 7
007-0-230627178.png, 7
007-0-211541130.png, 7
007-0-242918723.png, 7
007-0-250012223.png, 7
007-0-215727887.png, 7
007-0-241704118.png, 7
007-0-215319217.png, 7
007-0-230626177.png, 7
007-0-230626149.png, 7
007-0-230625513.png, 7
007-0-215700504.png, 7
011-0-216807120.png, 11
011-0-241702453.png, 11
011-0-241704637.png, 11
011-0-250013724.png, 11
011-0-230624299.png, 11
011-0-241702540.png, 11
011-0-190163574.png, 11
011-0-241702528.png, 11
011-0-241704732.png, 11
011-0-81372622.png, 11
011-0-241702407.png, 11
011-0-97642928.png, 11
011-0-191391385.png, 11
011-0-241703318.png, 11
011-0-86623704.png, 11
011-0-224266426.png, 11
011-0-104413785.png, 11
011-0-258580098.png, 11
011-0-230778216.png, 11
011-0-241702387.png, 11
011-0-230816747.png, 11
011-0-241703290.png, 11
011-0-126211822.png, 11
011-0-97643924.png, 11
011-0-211762667.png, 11
011-0-97644359.png, 11
011-0-97644096.png, 11
011-0-250013951.png, 11
011-0-230777957.png, 11
011-0-238809762.png, 11
011-0-230816666.png, 11
011-0-86496601.png, 11
011-0-235038237.png, 11
011-0-215699380.png, 11
011-0-214562063.png, 11
011-0-250014024.png, 11
011-0-249956696.png, 11
011-0-249956735.png, 11
011-0-251831611.png, 11
011-0-84894638.png, 11
011-0-250013917.png, 11
011-0-241704717.png, 11
011-0-211762631.png, 11
011-0-258959979.png, 11
011-0-215698986.png, 11
011-0-230815417.png, 11
011-0-230815372.png, 11
011-0-230815404.png, 11
011-0-85616418.png, 11
011-0-250013606.png, 11
011-0-230778012.png, 11
011-0-235038297.png, 11
011-0-241702520.png, 11
011-0-241702470.png, 11
011-0-241702480.png, 11
011-0-250106100.png, 11
011-0-241704796.png, 11
011-0-218975938.png, 11
011-0-250013846.png, 11
011-0-250013739.png, 11
011-0-230624267.png, 11
011-0-230778485.png, 11
011-0-241702574.png, 11
011-0-91890825.png, 11
011-0-241702415.png, 11
011-0-230778105.png, 11
011-0-249956727.png, 11
011-0-258580127.png, 11
011-0-258579936.png, 11
011-0-249958003.png, 11
011-0-258959980.png, 11
011-0-191391281.png, 11
011-0-250014012.png, 11
011-0-258959978.png, 11
011-0-235037812.png, 11
011-0-97644065.png, 11
011-0-258580297.png, 11
011-0-258580137.png, 11
011-0-241702580.png, 11
011-0-258580081.png, 11
011-0-81372642.png, 11
011-0-250013934.png, 11
011-0-230778165.png, 11
011-0-229890060.png, 11
011-0-251946826.png, 11
011-0-258580064.png, 11
011-0-249956668.png, 11
011-0-197412357.png, 11
011-0-87885466.png, 11
011-0-230778192.png, 11
011-0-104413763.png, 11
011-0-241703301.png, 11
011-0-81372737.png, 11
011-0-241703344.png, 11
011-0-249956705.png, 11
011-0-191391880.png, 11
011-0-249956738.png, 11
011-0-234966495.png, 11
011-0-252752337.png, 11
011-0-225423735.png, 11
018-0-106421947.png, 18
018-0-199053748.png, 18
018-0-250009443.png, 18
018-0-250009123.png, 18
018-0-104413346.png, 18
018-0-211757089.png, 18
018-0-235038619.png, 18
018-0-230627516.png, 18
018-0-241707374.png, 18
018-0-252751967.png, 18
018-0-247068055.png, 18
018-0-258965554.png, 18
018-0-250044685.png, 18
018-0-215727768.png, 18
018-0-252752045.png, 18
018-0-238813567.png, 18
018-0-250044716.png, 18
018-0-230833051.png, 18
018-0-250009397.png, 18
018-0-250009368.png, 18
018-0-199053830.png, 18
018-0-241707730.png, 18
018-0-252889600.png, 18
018-0-211759883.png, 18
018-0-247068005.png, 18
018-0-250009249.png, 18
018-0-247068042.png, 18
018-0-101147956.png, 18
018-0-230833099.png, 18
018-0-250008054.png, 18
018-0-250009106.png, 18
018-0-215319233.png, 18
018-0-230627526.png, 18
018-0-215727737.png, 18
018-0-241707394.png, 18
018-0-230833071.png, 18
018-0-102725022.png, 18
018-0-199053789.png, 18
018-0-251831316.png, 18
018-0-251818790.png, 18
018-0-211759966.png, 18
018-0-250009454.png, 18
018-0-251818799.png, 18
018-0-192190830.png, 18
018-0-108532855.png, 18
018-0-102724885.png, 18
018-0-258965820.png, 18
018-0-251818729.png, 18
018-0-224267016.png, 18
018-0-215728278.png, 18
018-0-215727872.png, 18
018-0-106421890.png, 18
018-0-230628860.png, 18
018-0-81054738.png, 18
018-0-250044722.png, 18
018-0-250009283.png, 18
018-0-258965551.png, 18
018-0-251831323.png, 18
018-0-250009219.png, 18
018-0-250044782.png, 18
018-0-252889637.png, 18
018-0-241707408.png, 18
018-0-235038580.png, 18
018-0-250009260.png, 18
018-0-250009133.png, 18
018-0-211759947.png, 18
018-0-205059515.png, 18
018-0-102725206.png, 18
018-0-251818751.png, 18
018-0-230833074.png, 18
018-0-211759929.png, 18
018-0-252751992.png, 18
018-0-247068032.png, 18
018-0-251831356.png, 18
018-0-241707389.png, 18
018-0-250009309.png, 18
018-0-241672446.png, 18
018-0-250008029.png, 18
018-0-250009414.png, 18
018-0-235038599.png, 18
018-0-252751911.png, 18
018-0-252752019.png, 18
018-0-251831349.png, 18
018-0-242918840.png, 18
018-0-211541318.png, 18
018-0-235038592.png, 18
018-0-102725258.png, 18
018-0-251818760.png, 18
018-0-249957934.png, 18
018-0-258965819.png, 18
018-0-130888662.png, 18
018-0-251818781.png, 18
018-0-211541475.png, 18
018-0-230833470.png, 18
018-0-252752895.png, 18
018-0-258965524.png, 18
018-0-224266990.png, 18
018-0-252752900.png, 18
018-0-241707734.png, 18
018-0-250044787.png, 18
026-0-252292225.png, 26
026-0-242923571.png, 26
026-0-242923274.png, 26
026-0-250045722.png, 26
026-0-242923349.png, 26
026-0-242923438.png, 26
026-0-230615405.png, 26
026-0-251829954.png, 26
026-0-251829972.png, 26
026-0-102725036.png, 26
026-0-249957267.png, 26
026-0-230624689.png, 26
026-0-250045732.png, 26
026-0-250045752.png, 26
026-0-250045710.png, 26
026-0-101147352.png, 26
026-0-251829945.png, 26
026-0-205051917.png, 26
026-0-250045680.png, 26
026-0-250045767.png, 26
026-0-247015378.png, 26
026-0-249957274.png, 26
026-0-230779252.png, 26
026-0-251830002.png, 26
026-0-230615464.png, 26
026-0-242923290.png, 26
026-0-102725028.png, 26
026-0-101147399.png, 26
026-0-230625350.png, 26
026-0-87007091.png, 26
026-0-230625364.png, 26
026-0-247015348.png, 26
026-0-251829990.png, 26
026-0-230832898.png, 26
026-0-247015359.png, 26
026-0-101148382.png, 26
026-0-249957257.png, 26
026-0-84528913.png, 26
026-0-230779206.png, 26
026-0-190164592.png, 26
026-0-249957271.png, 26
026-0-190164585.png, 26
026-0-242923630.png, 26
026-0-250045783.png, 26
026-0-190164538.png, 26
026-0-87991220.png, 26
026-0-86844834.png, 26
026-0-247015382.png, 26
026-0-230779270.png, 26
026-0-249957278.png, 26
026-0-247015396.png, 26
026-0-242923325.png, 26
026-0-124289986.png, 26
026-0-242923242.png, 26
026-0-86844935.png, 26
026-0-247015341.png, 26
026-0-250045702.png, 26
026-0-242923256.png, 26
026-0-230615433.png, 26
026-0-242923395.png, 26
026-0-109204558.png, 26
026-0-242923615.png, 26
026-0-174683543.png, 26
026-0-251829980.png, 26
026-0-250045741.png, 26
026-0-252292242.png, 26
026-0-190163991.png, 26
026-0-190164015.png, 26
026-0-130889870.png, 26
026-0-242923219.png, 26
026-0-181988027.png, 26
026-0-230779291.png, 26
026-0-250045775.png, 26
026-0-230779220.png, 26
026-0-192283695.png, 26
026-0-230625341.png, 26
026-0-123533053.png, 26
026-0-205051928.png, 26
026-0-102725053.png, 26
026-0-242923588.png, 26
026-0-250045662.png, 26
026-0-230615417.png, 26
026-0-101148376.png, 26
026-0-247015354.png, 26
026-0-242923459.png, 26
026-0-242923374.png, 26
026-0-252292233.png, 26
026-0-247015389.png, 26
026-0-101147940.png, 26
026-0-242923653.png, 26
026-0-242923604.png, 26
026-0-230625319.png, 26
026-0-101147562.png, 26
026-0-252292255.png, 26
026-0-242923515.png, 26
026-0-247015345.png, 26
026-0-251829963.png, 26
026-0-230624672.png, 26
026-0-190164546.png, 26
026-0-230625331.png, 26
030-0-250008217.png, 30
030-0-241707236.png, 30
030-0-252293221.png, 30
030-0-242924097.png, 30
030-0-190175031.png, 30
030-0-246839882.png, 30
030-0-252293142.png, 30
030-0-91885014.png, 30
030-0-250008263.png, 30
030-0-247068788.png, 30
030-0-221668030.png, 30
030-0-247068694.png, 30
030-0-87990964.png, 30
030-0-84891239.png, 30
030-0-234718473.png, 30
030-0-247068748.png, 30
030-0-235039381.png, 30
030-0-249957542.png, 30
030-0-230813752.png, 30
030-0-177292077.png, 30
030-0-140091308.png, 30
030-0-247015743.png, 30
030-0-250008243.png, 30
030-0-84891105.png, 30
030-0-235039414.png, 30
030-0-251819530.png, 30
030-0-235039387.png, 30
030-0-247068727.png, 30
030-0-84892679.png, 30
030-0-230815939.png, 30
030-0-230833421.png, 30
030-0-242924069.png, 30
030-0-192217072.png, 30
030-0-87507655.png, 30
030-0-249957547.png, 30
030-0-252293129.png, 30
030-0-258965813.png, 30
030-0-247068795.png, 30
030-0-249957556.png, 30
030-0-242924079.png, 30
030-0-102724894.png, 30
030-0-87990938.png, 30
030-0-247068717.png, 30
030-0-102724897.png, 30
030-0-230817246.png, 30
030-0-230817261.png, 30
030-0-252890192.png, 30
030-0-88480923.png, 30
030-0-104256952.png, 30
030-0-224267762.png, 30
030-0-104256799.png, 30
030-0-250008282.png, 30
030-0-249957561.png, 30
030-0-258965816.png, 30
030-0-86572738.png, 30
030-0-215660961.png, 30
030-0-235039373.png, 30
030-0-250008272.png, 30
030-0-242924106.png, 30
030-0-130889563.png, 30
030-0-104256875.png, 30
030-0-87507606.png, 30
030-0-192311629.png, 30
030-0-242924058.png, 30
030-0-86623432.png, 30
030-0-235039393.png, 30
030-0-241707494.png, 30
030-0-215660893.png, 30
030-0-249957551.png, 30
030-0-252890196.png, 30
030-0-252890208.png, 30
030-0-247068766.png, 30
030-0-235039408.png, 30
030-0-246839903.png, 30
030-0-247068735.png, 30
030-0-247068753.png, 30
030-0-247015728.png, 30
030-0-252890202.png, 30
030-0-91884947.png, 30
030-0-130889081.png, 30
030-0-177292028.png, 30
030-0-84891209.png, 30
030-0-84891174.png, 30
030-0-192217082.png, 30
030-0-247068758.png, 30
030-0-101147893.png, 30
030-0-223848396.png, 30
030-0-246839912.png, 30
030-0-251819523.png, 30
030-0-104412808.png, 30
030-0-247068668.png, 30
030-0-230817258.png, 30
030-0-130889626.png, 30
030-0-252293188.png, 30
030-0-247068743.png, 30
030-0-130889010.png, 30
030-0-192217019.png, 30
030-0-241707531.png, 30
030-0-249957578.png, 30
030-0-224267712.png, 30
034-0-241704466.png, 34
034-0-106422055.png, 34
034-0-130887535.png, 34
034-0-106422019.png, 34
034-0-205059540.png, 34
034-0-250106022.png, 34
034-0-258965759.png, 34
034-0-251820073.png, 34
034-0-250012589.png, 34
034-0-252293479.png, 34
034-0-85955631.png, 34
034-0-252293473.png, 34
034-0-241704514.png, 34
034-0-251819997.png, 34
034-0-241704475.png, 34
034-0-238813154.png, 34
034-0-250012489.png, 34
034-0-205053098.png, 34
034-0-252890216.png, 34
034-0-250012644.png, 34
034-0-251350697.png, 34
034-0-250105989.png, 34
034-0-218976378.png, 34
034-0-106423729.png, 34
034-0-211762603.png, 34
034-0-252293468.png, 34
034-0-251350219.png, 34
034-0-251830045.png, 34
034-0-230833703.png, 34
034-0-241704456.png, 34
034-0-130887663.png, 34
034-0-251350312.png, 34
034-0-258965825.png, 34
034-0-224266119.png, 34
034-0-205059537.png, 34
034-0-101147844.png, 34
034-0-241704207.png, 34
034-0-258965752.png, 34
034-0-250105937.png, 34
034-0-242918685.png, 34
034-0-250012477.png, 34
034-0-250012526.png, 34
034-0-241707662.png, 34
034-0-211755285.png, 34
034-0-241707657.png, 34
034-0-250105905.png, 34
034-0-85619456.png, 34
034-0-191834319.png, 34
034-0-230833699.png, 34
034-0-251350476.png, 34
034-0-251350355.png, 34
034-0-250012546.png, 34
034-0-251350510.png, 34
034-0-251819986.png, 34
034-0-258965830.png, 34
034-0-251820110.png, 34
034-0-241704185.png, 34
034-0-251820066.png, 34
034-0-250106008.png, 34
034-0-192217094.png, 34
034-0-250105977.png, 34
034-0-212288202.png, 34
034-0-258965826.png, 34
034-0-250012661.png, 34
034-0-211755327.png, 34
034-0-251350238.png, 34
034-0-250012411.png, 34
034-0-250012570.png, 34
034-0-190164619.png, 34
034-0-205053041.png, 34
034-0-211541650.png, 34
034-0-211732335.png, 34
034-0-224266079.png, 34
034-0-251350287.png, 34
034-0-211762580.png, 34
034-0-230833695.png, 34
034-0-258965765.png, 34
034-0-101148288.png, 34
034-0-251820049.png, 34
034-0-241707655.png, 34
034-0-192217004.png, 34
034-0-251830059.png, 34
034-0-250012395.png, 34
034-0-241707672.png, 34
034-0-205059548.png, 34
034-0-229889725.png, 34
034-0-250105992.png, 34
034-0-251830100.png, 34
034-0-241707652.png, 34
034-0-106421987.png, 34
034-0-251820087.png, 34
034-0-250105959.png, 34
034-0-258965827.png, 34
034-0-250105965.png, 34
034-0-251820078.png, 34
034-0-258965565.png, 34
034-0-241704503.png, 34
034-0-102725097.png, 34
034-0-249957380.png, 34
034-0-190164606.png, 34
038-0-234717514.png, 38
038-0-230628647.png, 38
038-0-235039568.png, 38
038-0-211761429.png, 38
038-0-230628660.png, 38
038-0-205053213.png, 38
038-0-258965439.png, 38
038-0-211760132.png, 38
038-0-211760051.png, 38
038-0-193177994.png, 38
038-0-230628572.png, 38
038-0-235039505.png, 38
038-0-106422086.png, 38
038-0-230628680.png, 38
038-0-191391810.png, 38
038-0-249957408.png, 38
038-0-211755612.png, 38
038-0-252889874.png, 38
038-0-252889855.png, 38
038-0-211755698.png, 38
038-0-252889805.png, 38
038-0-191834350.png, 38
038-0-211760095.png, 38
038-0-192311643.png, 38
038-0-258965465.png, 38
038-0-252293667.png, 38
038-0-230628553.png, 38
038-0-249957456.png, 38
038-0-223187199.png, 38
038-0-192333227.png, 38
038-0-230628702.png, 38
038-0-211761063.png, 38
038-0-211760006.png, 38
038-0-130890828.png, 38
038-0-249957413.png, 38
038-0-258965451.png, 38
038-0-223187267.png, 38
038-0-252889792.png, 38
038-0-235039538.png, 38
038-0-235039553.png, 38
038-0-215660958.png, 38
038-0-258965459.png, 38
038-0-252890238.png, 38
038-0-215660955.png, 38
038-0-249957475.png, 38
038-0-258965507.png, 38
038-0-252889864.png, 38
038-0-211761022.png, 38
038-0-191391226.png, 38
038-0-249957444.png, 38
038-0-252293670.png, 38
038-0-235039604.png, 38
038-0-252293675.png, 38
038-0-192333238.png, 38
038-0-249957446.png, 38
038-0-251831660.png, 38
038-0-249957466.png, 38
038-0-174681839.png, 38
038-0-258965429.png, 38
038-0-212867659.png, 38
038-0-235039598.png, 38
038-0-140091281.png, 38
038-0-249957429.png, 38
038-0-211761306.png, 38
038-0-235039531.png, 38
038-0-234717521.png, 38
038-0-235039593.png, 38
038-0-230628542.png, 38
038-0-249957435.png, 38
038-0-130890289.png, 38
038-0-230628741.png, 38
038-0-252889886.png, 38
038-0-258965418.png, 38
038-0-230628299.png, 38
038-0-258965487.png, 38
038-0-258965511.png, 38
038-0-192333211.png, 38
038-0-249957468.png, 38
038-0-252889759.png, 38
038-0-230833571.png, 38
038-0-212867791.png, 38
038-0-106422148.png, 38
038-0-252293663.png, 38
038-0-211761185.png, 38
038-0-223187245.png, 38
038-0-252293654.png, 38
038-0-211761155.png, 38
038-0-252293658.png, 38
038-0-130890321.png, 38
038-0-106421833.png, 38
038-0-215729598.png, 38
038-0-235039521.png, 38
038-0-252890240.png, 38
038-0-252889816.png, 38
038-0-230813943.png, 38
038-0-215729579.png, 38
038-0-252889826.png, 38
038-0-249957461.png, 38
038-0-191834055.png, 38
038-0-252293656.png, 38
042-0-191731845.png, 42
042-0-230826341.png, 42
042-0-246840409.png, 42
042-0-215728800.png, 42
042-0-250013002.png, 42
042-0-250014918.png, 42
042-0-178154088.png, 42
042-0-230826349.png, 42
042-0-174682598.png, 42
042-0-250014889.png, 42
042-0-250014624.png, 42
042-0-230816476.png, 42
042-0-108536895.png, 42
042-0-191391507.png, 42
042-0-252753877.png, 42
042-0-250013110.png, 42
042-0-215729051.png, 42
042-0-250014707.png, 42
042-0-224266713.png, 42
042-0-250013134.png, 42
042-0-250014654.png, 42
042-0-224266695.png, 42
042-0-246840328.png, 42
042-0-250014929.png, 42
042-0-223847578.png, 42
042-0-190164449.png, 42
042-0-246840380.png, 42
042-0-224266768.png, 42
042-0-250014903.png, 42
042-0-212288396.png, 42
042-0-246840351.png, 42
042-0-246840274.png, 42
042-0-250014637.png, 42
042-0-206124323.png, 42
042-0-250014688.png, 42
042-0-108534924.png, 42
042-0-224266049.png, 42
042-0-250014807.png, 42
042-0-246840431.png, 42
042-0-190660450.png, 42
042-0-238811466.png, 42
042-0-246840291.png, 42
042-0-190164425.png, 42
042-0-212304493.png, 42
042-0-206124344.png, 42
042-0-190923445.png, 42
042-0-223847445.png, 42
042-0-223847506.png, 42
042-0-224265985.png, 42
042-0-108535067.png, 42
042-0-230624558.png, 42
042-0-250014673.png, 42
042-0-246840307.png, 42
042-0-250014755.png, 42
042-0-190923424.png, 42
042-0-215728901.png, 42
042-0-250014595.png, 42
042-0-215728890.png, 42
042-0-205052184.png, 42
042-0-224266672.png, 42
042-0-246840284.png, 42
042-0-178154215.png, 42
042-0-250014778.png, 42
042-0-246840300.png, 42
042-0-178154159.png, 42
042-0-190164439.png, 42
042-0-250014723.png, 42
042-0-246840359.png, 42
042-0-252753783.png, 42
042-0-250014854.png, 42
042-0-221667639.png, 42
042-0-230816459.png, 42
042-0-246840419.png, 42
042-0-230816466.png, 42
042-0-238811531.png, 42
042-0-215728953.png, 42
042-0-223847044.png, 42
042-0-215728779.png, 42
042-0-108535007.png, 42
042-0-250014739.png, 42
042-0-252753835.png, 42
042-0-238818231.png, 42
042-0-246840367.png, 42
042-0-108536456.png, 42
042-0-191731844.png, 42
042-0-174680287.png, 42
042-0-252753796.png, 42
042-0-238812065.png, 42
042-0-250014864.png, 42
042-0-215729027.png, 42
042-0-223847073.png, 42
042-0-252753762.png, 42
042-0-252753809.png, 42
042-0-246840373.png, 42
042-0-246840341.png, 42
042-0-190164399.png, 42
042-0-190164416.png, 42
042-0-250014794.png, 42
042-0-252753775.png, 42
042-0-223847457.png, 42
048-0-252890302.png, 48
048-0-230833577.png, 48
048-0-241707795.png, 48
048-0-241707820.png, 48
048-0-241707846.png, 48
048-0-234717568.png, 48
048-0-215660967.png, 48
048-0-193178526.png, 48
048-0-193178428.png, 48
048-0-235039013.png, 48
048-0-241707801.png, 48
048-0-224267776.png, 48
048-0-258965790.png, 48
048-0-193178266.png, 48
048-0-171639997.png, 48
048-0-241707829.png, 48
048-0-235039022.png, 48
048-0-250008571.png, 48
048-0-193177685.png, 48
048-0-252890307.png, 48
048-0-230628361.png, 48
048-0-215660971.png, 48
048-0-234717464.png, 48
048-0-191833847.png, 48
048-0-258965782.png, 48
048-0-250008615.png, 48
048-0-218976584.png, 48
048-0-235039079.png, 48
048-0-241707875.png, 48
048-0-241707883.png, 48
048-0-193177541.png, 48
048-0-192311672.png, 48
048-0-250008434.png, 48
048-0-190174978.png, 48
048-0-234966890.png, 48
048-0-235039025.png, 48
048-0-234717575.png, 48
048-0-161077791.png, 48
048-0-191701084.png, 48
048-0-241707824.png, 48
048-0-250008592.png, 48
048-0-192311671.png, 48
048-0-241707868.png, 48
048-0-250008499.png, 48
048-0-252890298.png, 48
048-0-191834569.png, 48
048-0-192311673.png, 48
048-0-252890295.png, 48
048-0-215660980.png, 48
048-0-230816222.png, 48
048-0-218976540.png, 48
048-0-250008388.png, 48
048-0-211755410.png, 48
048-0-224267790.png, 48
048-0-252890301.png, 48
048-0-193178212.png, 48
048-0-258965791.png, 48
048-0-191701046.png, 48
048-0-230816367.png, 48
048-0-215660986.png, 48
048-0-250008581.png, 48
048-0-250008633.png, 48
048-0-258965787.png, 48
048-0-250008545.png, 48
048-0-258965783.png, 48
048-0-250008663.png, 48
048-0-250008603.png, 48
048-0-235039088.png, 48
048-0-252890305.png, 48
048-0-234717532.png, 48
048-0-252890296.png, 48
048-0-235039060.png, 48
048-0-252890304.png, 48
048-0-230628586.png, 48
048-0-230615657.png, 48
048-0-192311675.png, 48
048-0-108537908.png, 48
048-0-193178377.png, 48
048-0-164598839.png, 48
048-0-234717553.png, 48
048-0-230816371.png, 48
048-0-230628352.png, 48
048-0-258965788.png, 48
048-0-250008532.png, 48
048-0-258965781.png, 48
048-0-250008560.png, 48
048-0-250008486.png, 48
048-0-258965785.png, 48
048-0-230816356.png, 48
048-0-241707835.png, 48
048-0-241707841.png, 48
048-0-164598818.png, 48
048-0-193177952.png, 48
048-0-193177854.png, 48
048-0-218976574.png, 48
048-0-250008409.png, 48
048-0-192311669.png, 48
048-0-235039018.png, 48
048-0-230628337.png, 48
048-0-234717581.png, 48
050-0-235039863.png, 50
050-0-160033934.png, 50
050-0-242918054.png, 50
050-0-211755872.png, 50
050-0-229890008.png, 50
050-0-235039871.png, 50
050-0-190175121.png, 50
050-0-199054594.png, 50
050-0-241707304.png, 50
050-0-230816045.png, 50
050-0-212286801.png, 50
050-0-215729538.png, 50
050-0-229890021.png, 50
050-0-215700818.png, 50
050-0-242918061.png, 50
050-0-106568818.png, 50
050-0-230817092.png, 50
050-0-211759531.png, 50
050-0-235039853.png, 50
050-0-229890034.png, 50
050-0-211756100.png, 50
050-0-106568679.png, 50
050-0-238812948.png, 50
050-0-235039857.png, 50
050-0-191834586.png, 50
050-0-218976354.png, 50
050-0-238812927.png, 50
050-0-241704566.png, 50
050-0-241707324.png, 50
050-0-199054747.png, 50
050-0-234717779.png, 50
050-0-242918073.png, 50
050-0-218976346.png, 50
050-0-215729506.png, 50
050-0-205053245.png, 50
050-0-215727839.png, 50
050-0-213058845.png, 50
050-0-211759675.png, 50
050-0-230815995.png, 50
050-0-205053239.png, 50
050-0-211759609.png, 50
050-0-106568719.png, 50
050-0-230615161.png, 50
050-0-215729478.png, 50
050-0-211759592.png, 50
050-0-241704590.png, 50
050-0-199053901.png, 50
050-0-234968010.png, 50
050-0-241707310.png, 50
050-0-211756041.png, 50
050-0-205053163.png, 50
050-0-160033918.png, 50
050-0-230816003.png, 50
050-0-211759787.png, 50
050-0-241704577.png, 50
050-0-178154301.png, 50
050-0-211759637.png, 50
050-0-190174865.png, 50
050-0-211759811.png, 50
050-0-230615143.png, 50
050-0-191701103.png, 50
050-0-106423702.png, 50
050-0-199054069.png, 50
050-0-241707298.png, 50
050-0-199053878.png, 50
050-0-230816007.png, 50
050-0-241707318.png, 50
050-0-177292166.png, 50
050-0-177292134.png, 50
050-0-177292192.png, 50
050-0-212867357.png, 50
050-0-215725021.png, 50
050-0-102724997.png, 50
050-0-212288264.png, 50
050-0-211755966.png, 50
050-0-106568762.png, 50
050-0-218976336.png, 50
050-0-211759727.png, 50
050-0-199053861.png, 50
050-0-212286755.png, 50
050-0-211756311.png, 50
050-0-190175216.png, 50
050-0-212288258.png, 50
050-0-212288247.png, 50
050-0-205053169.png, 50
050-0-241704555.png, 50
050-0-102725001.png, 50
050-0-241704548.png, 50
050-0-199053956.png, 50
050-0-235039844.png, 50
050-0-211759755.png, 50
050-0-212286838.png, 50
050-0-234717453.png, 50
050-0-192190849.png, 50
050-0-211759483.png, 50
050-0-215729523.png, 50
050-0-192333282.png, 50
050-0-230817086.png, 50
050-0-211759568.png, 50
050-0-211756191.png, 50
055-0-192311686.png, 55
055-0-212287187.png, 55
055-0-250009842.png, 55
055-0-250009743.png, 55
055-0-241707217.png, 55
055-0-230815969.png, 55
055-0-241707168.png, 55
055-0-211760965.png, 55
055-0-211756858.png, 55
055-0-205053032.png, 55
055-0-242924412.png, 55
055-0-205053056.png, 55
055-0-241707085.png, 55
055-0-212287040.png, 55
055-0-212288242.png, 55
055-0-242924199.png, 55
055-0-241707125.png, 55
055-0-221668211.png, 55
055-0-230833190.png, 55
055-0-212288173.png, 55
055-0-242918569.png, 55
055-0-230815964.png, 55
055-0-230833257.png, 55
055-0-192311691.png, 55
055-0-101148429.png, 55
055-0-250009623.png, 55
055-0-242924404.png, 55
055-0-230833231.png, 55
055-0-251820201.png, 55
055-0-179356319.png, 55
055-0-192281059.png, 55
055-0-192311687.png, 55
055-0-221668129.png, 55
055-0-221668240.png, 55
055-0-249957880.png, 55
055-0-205053050.png, 55
055-0-230628030.png, 55
055-0-130891071.png, 55
055-0-251831664.png, 55
055-0-212288324.png, 55
055-0-230815981.png, 55
055-0-230833458.png, 55
055-0-230815963.png, 55
055-0-230815966.png, 55
055-0-250009651.png, 55
055-0-252752552.png, 55
055-0-224267181.png, 55
055-0-251820137.png, 55
055-0-221667972.png, 55
055-0-250009924.png, 55
055-0-249957876.png, 55
055-0-229889577.png, 55
055-0-250009632.png, 55
055-0-242924226.png, 55
055-0-230815959.png, 55
055-0-229889540.png, 55
055-0-249957696.png, 55
055-0-230817255.png, 55
055-0-229577002.png, 55
055-0-249957760.png, 55
055-0-205053078.png, 55
055-0-221668103.png, 55
055-0-249957722.png, 55
055-0-106568236.png, 55
055-0-191834550.png, 55
055-0-251821737.png, 55
055-0-104413305.png, 55
055-0-230833182.png, 55
055-0-242918621.png, 55
055-0-230817133.png, 55
055-0-212286989.png, 55
055-0-251820189.png, 55
055-0-130889945.png, 55
055-0-218976295.png, 55
055-0-242924234.png, 55
055-0-181988348.png, 55
055-0-242918595.png, 55
055-0-205053086.png, 55
055-0-242924256.png, 55
055-0-212288214.png, 55
055-0-250009643.png, 55
055-0-230817266.png, 55
055-0-212288192.png, 55
055-0-251821714.png, 55
055-0-215728611.png, 55
055-0-211760919.png, 55
055-0-258965795.png, 55
055-0-249957886.png, 55
055-0-221668086.png, 55
055-0-230833077.png, 55
055-0-241707135.png, 55
055-0-242924216.png, 55
055-0-211757755.png, 55
055-0-250009718.png, 55
055-0-130889796.png, 55
055-0-224267159.png, 55
055-0-177292052.png, 55
055-0-241707180.png, 55
055-0-250009683.png, 55
055-0-230815945.png, 55
063-0-250016989.png, 63
063-0-242921914.png, 63
063-0-247015079.png, 63
063-0-197412211.png, 63
063-0-251817628.png, 63
063-0-251822266.png, 63
063-0-190163897.png, 63
063-0-230817070.png, 63
063-0-230833307.png, 63
063-0-211758925.png, 63
063-0-190659471.png, 63
063-0-250016968.png, 63
063-0-199054513.png, 63
063-0-247015102.png, 63
063-0-250016964.png, 63
063-0-190163914.png, 63
063-0-230817079.png, 63
063-0-247015264.png, 63
063-0-215728377.png, 63
063-0-250016973.png, 63
063-0-247015094.png, 63
063-0-250016994.png, 63
063-0-247015098.png, 63
063-0-191389592.png, 63
063-0-250016928.png, 63
063-0-247015083.png, 63
063-0-247015075.png, 63
063-0-247015133.png, 63
063-0-191389567.png, 63
063-0-197412217.png, 63
063-0-249956821.png, 63
063-0-249956856.png, 63
063-0-251817640.png, 63
063-0-247015180.png, 63
063-0-247015189.png, 63
063-0-242922000.png, 63
063-0-247015088.png, 63
063-0-251946943.png, 63
063-0-247015235.png, 63
063-0-171640180.png, 63
063-0-234717965.png, 63
063-0-249956832.png, 63
063-0-163275110.png, 63
063-0-178152680.png, 63
063-0-190659980.png, 63
063-0-247015173.png, 63
063-0-191389626.png, 63
063-0-230614745.png, 63
063-0-191389544.png, 63
063-0-211758812.png, 63
063-0-247015274.png, 63
063-0-247015195.png, 63
063-0-178153106.png, 63
063-0-247015243.png, 63
063-0-247015228.png, 63
063-0-230817060.png, 63
063-0-242922015.png, 63
063-0-211758797.png, 63
063-0-191389640.png, 63
063-0-242921941.png, 63
063-0-251817605.png, 63
063-0-247015123.png, 63
063-0-247015156.png, 63
063-0-251817619.png, 63
063-0-242921975.png, 63
063-0-247015211.png, 63
063-0-247015250.png, 63
063-0-211758868.png, 63
063-0-190659930.png, 63
063-0-250016959.png, 63
063-0-250016947.png, 63
063-0-190659491.png, 63
063-0-190659450.png, 63
063-0-247015143.png, 63
063-0-230833312.png, 63
063-0-190923258.png, 63
063-0-192333324.png, 63
063-0-230817051.png, 63
063-0-157177360.png, 63
063-0-199054485.png, 63
063-0-250016997.png, 63
063-0-250016953.png, 63
063-0-247015203.png, 63
063-0-250017000.png, 63
063-0-211758756.png, 63
063-0-192333332.png, 63
063-0-250016980.png, 63
063-0-251946945.png, 63
063-0-234717975.png, 63
063-0-242921894.png, 63
063-0-246840041.png, 63
063-0-190659951.png, 63
063-0-190923240.png, 63
063-0-230816400.png, 63
063-0-211758783.png, 63
063-0-230778631.png, 63
063-0-247015270.png, 63
063-0-247015113.png, 63
063-0-251946958.png, 63
063-0-199054553.png, 63
066-0-249957310.png, 66
066-0-252888301.png, 66
066-0-241706987.png, 66
066-0-161077490.png, 66
066-0-252888375.png, 66
066-0-241704005.png, 66
066-0-192311658.png, 66
066-0-230624497.png, 66
066-0-252292936.png, 66
066-0-252888337.png, 66
066-0-230778726.png, 66
066-0-241706995.png, 66
066-0-252889522.png, 66
066-0-242918136.png, 66
066-0-250046336.png, 66
066-0-164598527.png, 66
066-0-241704047.png, 66
066-0-252292928.png, 66
066-0-229889233.png, 66
066-0-158646349.png, 66
066-0-241707022.png, 66
066-0-250046322.png, 66
066-0-251819109.png, 66
066-0-252292886.png, 66
066-0-190164483.png, 66
066-0-230624515.png, 66
066-0-215319300.png, 66
066-0-161077752.png, 66
066-0-158646373.png, 66
066-0-174680748.png, 66
066-0-190164500.png, 66
066-0-190659564.png, 66
066-0-252292908.png, 66
066-0-241704019.png, 66
066-0-229889166.png, 66
066-0-229889200.png, 66
066-0-241706977.png, 66
066-0-250046364.png, 66
066-0-251819139.png, 66
066-0-190659425.png, 66
066-0-241704041.png, 66
066-0-192311654.png, 66
066-0-252292899.png, 66
066-0-240054137.png, 66
066-0-250046351.png, 66
066-0-242923121.png, 66
066-0-241707014.png, 66
066-0-251819217.png, 66
066-0-252888401.png, 66
066-0-230624505.png, 66
066-0-251819208.png, 66
066-0-241704036.png, 66
066-0-251819083.png, 66
066-0-252888323.png, 66
066-0-251819201.png, 66
066-0-241707011.png, 66
066-0-251819228.png, 66
066-0-211758850.png, 66
066-0-229889218.png, 66
066-0-251819188.png, 66
066-0-241704013.png, 66
066-0-251819145.png, 66
066-0-251818979.png, 66
066-0-249957293.png, 66
066-0-251819153.png, 66
066-0-242918121.png, 66
066-0-163282410.png, 66
066-0-251819161.png, 66
066-0-249957289.png, 66
066-0-205059471.png, 66
066-0-241704029.png, 66
066-0-230778761.png, 66
066-0-157178342.png, 66
066-0-192311655.png, 66
066-0-252888388.png, 66
066-0-249957304.png, 66
066-0-251819069.png, 66
066-0-250046283.png, 66
066-0-249957299.png, 66
066-0-171640305.png, 66
066-0-241706955.png, 66
066-0-251819060.png, 66
066-0-249957295.png, 66
066-0-242918101.png, 66
066-0-242918129.png, 66
066-0-242918178.png, 66
066-0-252292868.png, 66
066-0-252889540.png, 66
066-0-244114016.png, 66
066-0-251819178.png, 66
066-0-229889768.png, 66
066-0-250046411.png, 66
066-0-241703942.png, 66
066-0-211758637.png, 66
066-0-251818950.png, 66
066-0-252292917.png, 66
066-0-211758345.png, 66
066-0-249957287.png, 66
066-0-230778706.png, 66
066-0-251818996.png, 66
072-0-230815913.png, 72
072-0-252752926.png, 72
072-0-234717401.png, 72
072-0-246840100.png, 72
072-0-230815888.png, 72
072-0-157178585.png, 72
072-0-249957044.png, 72
072-0-161077667.png, 72
072-0-251822281.png, 72
072-0-251818502.png, 72
072-0-242922778.png, 72
072-0-242922743.png, 72
072-0-230815849.png, 72
072-0-215728714.png, 72
072-0-218976221.png, 72
072-0-251822288.png, 72
072-0-250105319.png, 72
072-0-241702778.png, 72
072-0-246839950.png, 72
072-0-251822293.png, 72
072-0-250106794.png, 72
072-0-250106777.png, 72
072-0-190660188.png, 72
072-0-230815856.png, 72
072-0-215728701.png, 72
072-0-250106789.png, 72
072-0-251822289.png, 72
072-0-218976189.png, 72
072-0-241702751.png, 72
072-0-250105330.png, 72
072-0-230815839.png, 72
072-0-242922812.png, 72
072-0-218976215.png, 72
072-0-251822296.png, 72
072-0-252752909.png, 72
072-0-215728685.png, 72
072-0-246839978.png, 72
072-0-250106727.png, 72
072-0-230815826.png, 72
072-0-230815902.png, 72
072-0-230815860.png, 72
072-0-157178442.png, 72
072-0-246840114.png, 72
072-0-218976211.png, 72
072-0-252753471.png, 72
072-0-246839943.png, 72
072-0-215728732.png, 72
072-0-246839986.png, 72
072-0-246839992.png, 72
072-0-242922536.png, 72
072-0-250106739.png, 72
072-0-251822294.png, 72
072-0-252753446.png, 72
072-0-241702743.png, 72
072-0-158645448.png, 72
072-0-251947140.png, 72
072-0-242922834.png, 72
072-0-157178562.png, 72
072-0-242922576.png, 72
072-0-109204990.png, 72
072-0-242922730.png, 72
072-0-250106674.png, 72
072-0-218976196.png, 72
072-0-190660252.png, 72
072-0-242922548.png, 72
072-0-252753466.png, 72
072-0-252752922.png, 72
072-0-251818485.png, 72
072-0-242922821.png, 72
072-0-250106714.png, 72
072-0-251822286.png, 72
072-0-218976183.png, 72
072-0-218976175.png, 72
072-0-234717395.png, 72
072-0-190660220.png, 72
072-0-230815872.png, 72
072-0-241702755.png, 72
072-0-241702782.png, 72
072-0-241702761.png, 72
072-0-251822283.png, 72
072-0-161077731.png, 72
072-0-252752930.png, 72
072-0-157178477.png, 72
072-0-230815844.png, 72
072-0-246839965.png, 72
072-0-252752913.png, 72
072-0-252752917.png, 72
072-0-251822285.png, 72
072-0-250105346.png, 72
072-0-250106758.png, 72
072-0-230815758.png, 72
072-0-251822287.png, 72
072-0-251822279.png, 72
072-0-230614976.png, 72
072-0-242922707.png, 72
072-0-242922689.png, 72
072-0-234717386.png, 72
072-0-223847166.png, 72
072-0-242922664.png, 72
072-0-242922604.png, 72
074-0-234718424.png, 74
074-0-249956973.png, 74
074-0-249957128.png, 74
074-0-248002692.png, 74
074-0-250047459.png, 74
074-0-225424421.png, 74
074-0-250047396.png, 74
074-0-248002639.png, 74
074-0-223847383.png, 74
074-0-242922987.png, 74
074-0-248002770.png, 74
074-0-250047404.png, 74
074-0-251818188.png, 74
074-0-215729217.png, 74
074-0-252752962.png, 74
074-0-248002726.png, 74
074-0-251818202.png, 74
074-0-250047383.png, 74
074-0-229889956.png, 74
074-0-251947048.png, 74
074-0-205052168.png, 74
074-0-225424457.png, 74
074-0-229889965.png, 74
074-0-191731871.png, 74
074-0-251831557.png, 74
074-0-250047438.png, 74
074-0-250105432.png, 74
074-0-250047335.png, 74
074-0-241702815.png, 74
074-0-250047501.png, 74
074-0-190163951.png, 74
074-0-250105419.png, 74
074-0-225424321.png, 74
074-0-251947068.png, 74
074-0-248002841.png, 74
074-0-215729146.png, 74
074-0-249957144.png, 74
074-0-251818329.png, 74
074-0-248002875.png, 74
074-0-235040255.png, 74
074-0-251818302.png, 74
074-0-251947044.png, 74
074-0-248002959.png, 74
074-0-242922943.png, 74
074-0-248002946.png, 74
074-0-235040285.png, 74
074-0-163087433.png, 74
074-0-251831495.png, 74
074-0-223847398.png, 74
074-0-248002829.png, 74
074-0-250047429.png, 74
074-0-190163942.png, 74
074-0-252753361.png, 74
074-0-252753393.png, 74
074-0-250047546.png, 74
074-0-199054385.png, 74
074-0-252752940.png, 74
074-0-241702838.png, 74
074-0-248002994.png, 74
074-0-248002821.png, 74
074-0-192311737.png, 74
074-0-251947057.png, 74
074-0-248002939.png, 74
074-0-248002678.png, 74
074-0-248002790.png, 74
074-0-248002998.png, 74
074-0-225424335.png, 74
074-0-225424434.png, 74
074-0-248002647.png, 74
074-0-250047412.png, 74
074-0-179355287.png, 74
074-0-248002712.png, 74
074-0-250047421.png, 74
074-0-249956995.png, 74
074-0-248002953.png, 74
074-0-248002981.png, 74
074-0-248002925.png, 74
074-0-250047449.png, 74
074-0-179355703.png, 74
074-0-235040292.png, 74
074-0-249957153.png, 74
074-0-192283778.png, 74
074-0-248002881.png, 74
074-0-191731867.png, 74
074-0-191731873.png, 74
074-0-178153315.png, 74
074-0-248002643.png, 74
074-0-251818172.png, 74
074-0-248002652.png, 74
074-0-250047574.png, 74
074-0-248002815.png, 74
074-0-192311722.png, 74
074-0-249956985.png, 74
074-0-251818127.png, 74
074-0-235040269.png, 74
074-0-250047582.png, 74
074-0-215660936.png, 74
074-0-234718428.png, 74
074-0-248002896.png, 74
074-0-250047517.png, 74
081-0-230815792.png, 81
081-0-199054199.png, 81
081-0-223848079.png, 81
081-0-205059484.png, 81
081-0-241702909.png, 81
081-0-246840025.png, 81
081-0-223848197.png, 81
081-0-230779191.png, 81
081-0-230615016.png, 81
081-0-230778833.png, 81
081-0-212288342.png, 81
081-0-235040148.png, 81
081-0-241704873.png, 81
081-0-163087124.png, 81
081-0-211540355.png, 81
081-0-242917497.png, 81
081-0-191389515.png, 81
081-0-242917487.png, 81
081-0-230624447.png, 81
081-0-223848108.png, 81
081-0-211758419.png, 81
081-0-192333340.png, 81
081-0-179354835.png, 81
081-0-251946931.png, 81
081-0-218976125.png, 81
081-0-225424256.png, 81
081-0-241704864.png, 81
081-0-230615001.png, 81
081-0-230833328.png, 81
081-0-212288334.png, 81
081-0-163087162.png, 81
081-0-230614731.png, 81
081-0-230833319.png, 81
081-0-235040140.png, 81
081-0-229889782.png, 81
081-0-164598429.png, 81
081-0-230615028.png, 81
081-0-241704961.png, 81
081-0-230778685.png, 81
081-0-230826321.png, 81
081-0-229889094.png, 81
081-0-242917493.png, 81
081-0-164598418.png, 81
081-0-241702906.png, 81
081-0-211759359.png, 81
081-0-211540004.png, 81
081-0-230624660.png, 81
081-0-241704904.png, 81
081-0-246840015.png, 81
081-0-190923378.png, 81
081-0-177292385.png, 81
081-0-247014798.png, 81
081-0-230832838.png, 81
081-0-192283605.png, 81
081-0-230815771.png, 81
081-0-192283541.png, 81
081-0-230614991.png, 81
081-0-190923363.png, 81
081-0-211758501.png, 81
081-0-235040132.png, 81
081-0-235040127.png, 81
081-0-211540132.png, 81
081-0-174680111.png, 81
081-0-190923402.png, 81
081-0-240054096.png, 81
081-0-234718435.png, 81
081-0-162986610.png, 81
081-0-252888817.png, 81
081-0-211758453.png, 81
081-0-234718453.png, 81
081-0-230832772.png, 81
081-0-234718444.png, 81
081-0-191389484.png, 81
081-0-211540258.png, 81
081-0-211758668.png, 81
081-0-190923388.png, 81
081-0-241702900.png, 81
081-0-211758266.png, 81
081-0-230815808.png, 81
081-0-249956773.png, 81
081-0-234717811.png, 81
081-0-230832832.png, 81
081-0-178152441.png, 81
081-0-211758618.png, 81
081-0-211757931.png, 81
081-0-211758306.png, 81
081-0-223848091.png, 81
081-0-230833320.png, 81
081-0-192283684.png, 81
081-0-241702892.png, 81
081-0-178152533.png, 81
081-0-230624644.png, 81
081-0-230815778.png, 81
081-0-234718439.png, 81
081-0-241704892.png, 81
081-0-241704986.png, 81
081-0-164598482.png, 81
081-0-234718448.png, 81
081-0-230778814.png, 81
081-0-190659366.png, 81
091-0-258965709.png, 91
091-0-230833546.png, 91
091-0-230833506.png, 91
091-0-230817303.png, 91
091-0-250044873.png, 91
091-0-258965845.png, 91
091-0-250105477.png, 91
091-0-230833479.png, 91
091-0-250044923.png, 91
091-0-258965616.png, 91
091-0-230817310.png, 91
091-0-252752184.png, 91
091-0-250044908.png, 91
091-0-241707917.png, 91
091-0-241707910.png, 91
091-0-223848437.png, 91
091-0-224267136.png, 91
091-0-250105492.png, 91
091-0-251822158.png, 91
091-0-249957976.png, 91
091-0-230628867.png, 91
091-0-230813996.png, 91
091-0-230817300.png, 91
091-0-249957978.png, 91
091-0-250105486.png, 91
091-0-246840075.png, 91
091-0-251822171.png, 91
091-0-251816668.png, 91
091-0-230816083.png, 91
091-0-251822174.png, 91
091-0-251822161.png, 91
091-0-251831561.png, 91
091-0-251822166.png, 91
091-0-250044992.png, 91
091-0-251822159.png, 91
091-0-249957974.png, 91
091-0-230833526.png, 91
091-0-251822167.png, 91
091-0-251831569.png, 91
091-0-230832917.png, 91
091-0-250044972.png, 91
091-0-250044959.png, 91
091-0-250105513.png, 91
091-0-230816118.png, 91
091-0-258965843.png, 91
091-0-230833489.png, 91
091-0-223847321.png, 91
091-0-251822170.png, 91
091-0-251822176.png, 91
091-0-223848497.png, 91
091-0-258965841.png, 91
091-0-223848476.png, 91
091-0-230817319.png, 91
091-0-258965840.png, 91
091-0-223848575.png, 91
091-0-250105506.png, 91
091-0-250044980.png, 91
091-0-251822177.png, 91
091-0-223848597.png, 91
091-0-223848456.png, 91
091-0-252752167.png, 91
091-0-223187463.png, 91
091-0-230833535.png, 91
091-0-230614843.png, 91
091-0-258965715.png, 91
091-0-223848418.png, 91
091-0-251831575.png, 91
091-0-251822155.png, 91
091-0-221668414.png, 91
091-0-242918796.png, 91
091-0-250044929.png, 91
091-0-250044864.png, 91
091-0-250044916.png, 91
091-0-250044933.png, 91
091-0-223187435.png, 91
091-0-251822165.png, 91
091-0-230813978.png, 91
091-0-230833498.png, 91
091-0-230832792.png, 91
091-0-230628878.png, 91
091-0-250105520.png, 91
091-0-251822175.png, 91
091-0-252752156.png, 91
091-0-242918824.png, 91
091-0-241703093.png, 91
091-0-250044886.png, 91
091-0-250105501.png, 91
091-0-258965607.png, 91
091-0-230628873.png, 91
091-0-250044893.png, 91
091-0-223187408.png, 91
091-0-251822172.png, 91
091-0-221668394.png, 91
091-0-250044852.png, 91
091-0-251831599.png, 91
091-0-230813963.png, 91
091-0-241703085.png, 91
091-0-250044965.png, 91
091-0-251822162.png, 91
091-0-251822169.png, 91
096-0-248003534.png, 96
096-0-251816533.png, 96
096-0-251946806.png, 96
096-0-251822094.png, 96
096-0-248003500.png, 96
096-0-248003262.png, 96
096-0-248003573.png, 96
096-0-251816656.png, 96
096-0-251946788.png, 96
096-0-251822075.png, 96
096-0-251822022.png, 96
096-0-251822067.png, 96
096-0-248003468.png, 96
096-0-251822091.png, 96
096-0-251816590.png, 96
096-0-248003731.png, 96
096-0-248003252.png, 96
096-0-251946778.png, 96
096-0-251816372.png, 96
096-0-248003389.png, 96
096-0-251816557.png, 96
096-0-251822082.png, 96
096-0-251946792.png, 96
096-0-251816488.png, 96
096-0-248003692.png, 96
096-0-251822057.png, 96
096-0-248003904.png, 96
096-0-251821974.png, 96
096-0-248003409.png, 96
096-0-248003599.png, 96
096-0-252752461.png, 96
096-0-248003213.png, 96
096-0-248003870.png, 96
096-0-251816509.png, 96
096-0-251816402.png, 96
096-0-251822089.png, 96
096-0-248003863.png, 96
096-0-248003722.png, 96
096-0-248003800.png, 96
096-0-251822092.png, 96
096-0-251816450.png, 96
096-0-251946801.png, 96
096-0-251822078.png, 96
096-0-248003928.png, 96
096-0-251816480.png, 96
096-0-251946789.png, 96
096-0-251822053.png, 96
096-0-251816545.png, 96
096-0-248003631.png, 96
096-0-248003914.png, 96
096-0-251816621.png, 96
096-0-251821942.png, 96
096-0-251821966.png, 96
096-0-248003846.png, 96
096-0-251822096.png, 96
096-0-251946799.png, 96
096-0-248003357.png, 96
096-0-248003589.png, 96
096-0-251816382.png, 96
096-0-252752453.png, 96
096-0-251822071.png, 96
096-0-248003242.png, 96
096-0-248003711.png, 96
096-0-248003792.png, 96
096-0-248003225.png, 96
096-0-251822049.png, 96
096-0-248003857.png, 96
096-0-251816441.png, 96
096-0-251822085.png, 96
096-0-251816390.png, 96
096-0-248003326.png, 96
096-0-251946802.png, 96
096-0-251946772.png, 96
096-0-252752481.png, 96
096-0-251816368.png, 96
096-0-248003951.png, 96
096-0-248003581.png, 96
096-0-248003304.png, 96
096-0-251822073.png, 96
096-0-248003420.png, 96
096-0-248003834.png, 96
096-0-251946809.png, 96
096-0-248003824.png, 96
096-0-251946787.png, 96
096-0-251816496.png, 96
096-0-248003553.png, 96
096-0-251822030.png, 96
096-0-248003653.png, 96
096-0-251816459.png, 96
096-0-248003234.png, 96
096-0-251822005.png, 96
096-0-251946781.png, 96
096-0-248003431.png, 96
096-0-251822037.png, 96
096-0-251816646.png, 96
096-0-251946777.png, 96
096-0-252752468.png, 96
096-0-251946791.png, 96
096-0-251821952.png, 96
096-0-251816607.png, 96
